source	target	notes
吕阳	Lü Yang	protagonist; pinyin with diacritic, never "Lu Yang"
牧长生	Mu Changsheng	alias worn by Lü Yang; scare-quote "Mu Changsheng" when narration names the persona
世尊	World-Honored One	Dao Lord; usually takes "the"; divine pronouns He/His/Him
剑主	Sword Sovereign	Dao Lord; usually takes "the"; divine pronouns
剑尊	Sword Sovereign	same being as 剑主
初圣	Primordial Saint	Dao Lord; usually takes "the"
昊天	Vast Sky	Dao Lord; divine pronouns
苍昊	Vast Sky	alternate name for the same Dao Lord
万法	Myriad Spells	the Spell Dao Lord; addressed as Fellow Daoist Myriad Spells
豢妖	Beast-Taming	Dao Lord; 豢妖前辈 = Senior Beast-Taming
无名道主	Nameless Dao Lord	singular He/Him; capitalized "Nameless" at name-reveal call-outs, lowercase "nameless Dao Lord" in running prose
司祟	Si Sui	name, pinyin
道天齐	Dao Tianqi	name, pinyin; ordinary lowercase pronouns
帝苍	Emperor Cang	ordinary lowercase pronouns
盘皇	Pan Huang	name, pinyin
补天阙	Bu Tianque	name, pinyin
祖龙	Ancestral Dragon	He/His/Him as the being; "it" for the guided-out consciousness
凌霄	Skyward	True Monarch Skyward Eastern Sovereign, post-Ch. 1171 identity; never pinyin "Lingxiao"
昂霄	Soaring Firmament	the same being's pre-Ch. 1171 identity (Sun Eclipsing True Monarch)
飞雪	Flying Snow	True Monarch Flying Snow; speaks formally, in complete sentences
极乐	Sublime Bliss	the Spell Dao Lord's disciple; true body is Taiyi
太一	Taiyi	a collective of bodies of consciousness; Sublime Bliss's true body
黄粱	Yellow Millet	the dream plane; from the Yellow Millet Dream allusion
老君庙	Old Lord Temple	as a bare call-out line renders plain: Old Lord Temple.
道主	Dao Lord	divine pronoun capitalization applies
真君	True Monarch	title
真人	True Person	title
道友	Fellow Daoist	honorific
本座	This Seat	self-address by seated powers
彼岸	Other Shore	usually takes "the"; its numbered strata are "layers", never "tiers"
冥府	Underworld	usually takes "the"
伪史	False History	usually takes "the"
光海	Sea of Light	usually takes "the"
变数	Variable	proper force; no article in the mass sense
百世书	Book of a Hundred Lives	usually takes "the"
天道	Heavenly Dao	usually takes "the"
大道	Great Dao	usually takes "the"
金刚界	Vajra Realm	usually takes "the"
红尘	red dust	lowercase; distinct from 现世 "the mortal world"
三界	Three Realms	usually takes "the"
道心	Dao Heart
心斋	Heart Fasting	a Dao Heart tier
元神	Primordial Spirit
果位	Fruition Attainment	named Dao Fruit Secret Art recipes keep "Dao Fruit"
道果	Fruition Attainment|Dao Fruit	general sense "Fruition Attainment"; named recipes and fused products keep "Dao Fruit"
真身	true body	lowercase
报身	Reward Body	standalone only; 法外报身 is its own entry
法外报身	Dharma Transcending Avatar	distinct from standalone 报身
应身	Manifestation Body	it/its; a shadow
分身	avatar	lowercase; never "clone"
真气	true qi	lowercase
灵气	qi|spiritual qi	lowercase
灵石	spirit stone
遁光	escape light	一道遁光 = "a streak of escape light"
天下	under the heavens	never bare "under heaven"
一心	One Mind|One Heart	"the One Mind" only for the World-Honored One / Pure Land concept; the Outer Path Alliance's 一心 is "One Heart"
妙乐	Sublime Bliss	the Spell Dao Lord's eldest disciple; true body is Taiyi; locked Ch. 1186
剑君	Sword Sovereign	same being as 剑主/剑尊
法术道主	Spell Dao Lord	usually takes 'the'
法力道主	Spiritual Power Dao Lord	a distinct Dao Lord who aids the Spell Dao Lord; usually takes 'the'
法力	spiritual power	
因果大网	great net of karma	usually takes 'the'
城头土	Rampart Earth	True Monarch; a bare 【城头土】 call-out renders plain per style guide
大剑宗	Grand Sword Patriarch	a person, not a sect; usually takes 'the'
天地不容客	A Guest Rejected by Heaven and Earth	talent; Title Case; USER-CORRECTED Ch. 1179
制命革	Fate-Reforming	God-Sealing ability
踏天	Treading the Heavens	realm
大真君	Great True Monarch	踏天大真君 = Treading the Heavens Great True Monarch (word order per Ch. 1147)
正史	True History	capitalized; pairs with the False History; usually takes 'the'
玄妙	Mystery|Mysteries	number follows the raw (Ch. 1174 ruling)
天宫	Heavenly Palace	with 'the' (Ch. 1196 ruling)
位格	status	lowercase (2026-08-14 ruling)
现世	mortal world	distinct from 红尘 'the red dust'; usually takes 'the'
仙桥	Immortal Bridge	
改因易果	altering cause and changing effect|alteration of cause and transformation of effect	verbal form when used as an action
伟力	mighty power	owner-approved 2026-08-19, no prior precedent
洞天	Grotto-Heaven	CAPITALIZED, owner ruling 2026-08-19
仙枢	Immortal Pivot	usually takes 'the'; what this world / Boundary Heaven is called
成道隐玄府	Achieving Dao Hidden Profound Manor	Skyward's grotto-heaven manor
曲直	Crooked and Straight	
空证	Empty Attainment	of-construction: 'the Great Dao of Empty Attainment'; never stacked as a modifier
大林木	Great Forest Wood	
山头火	Mountaintop Fire	Lü Yang's True Monarch identity in the False History
知见障	Cognitive Barrier	
神尚飨	Divine Offerings	God-Sealing Method lineage
香火	incense	
封神法	God-Sealing Method	usually takes 'the'
天公	Heavenly Lord	仙枢的天公 = 'Immortal Pivot's Heavenly Lord'; pronoun it/itself
慧光	Wisdom Light	
圣宗	Saint Sect	
剑阁	Sword Pavilion	
极天崖	Extreme Heaven Cliff	
江南	Jiangnan	
江东	Jiangdong	
气机	aura	
道统	Dao Lineage	
界天	Boundary Heaven	小界天 = 'a small Boundary Heaven'
入道	Entering the Dao	realm
合道	Merging with the Dao	realm; 'Dao Integration' only for the Overseas Immortal Alliance
古修	ancient cultivator	owner-approved 2026-08-19
琉璃	glazed	owner-approved 2026-08-19; 琉璃小球 = 'glazed sphere'
合道	Merging with the Dao	realm; 'Dao Integration' only for the Overseas Immortal Alliance [except: 配合道行]
